{"stats":{"minecraft:picked_up":{"minecraft:dirt":2},"minecraft:custom":{"minecraft:jump":142,"minecraft:time_since_rest":5152,"minecraft:leave_game":2,"minecraft:crouch_one_cm":358,"minecraft:sprint_one_cm":18508,"minecraft:play_time":5152,"minecraft:time_since_death":5152,"minecraft:walk_one_cm":6353,"minecraft:sneak_time":39,"minecraft:total_world_time":5152,"minecraft:fall_one_cm":6119,"minecraft:fly_one_cm":59887},"minecraft:used":{"minecraft:dirt":1},"minecraft:mined":{"minecraft:grass_block":2}},"DataVersion":3465}