{"stats":{"minecraft:picked_up":{"minecraft:crafting_table":4,"minecraft:gold_block":1,"minecraft:enchanted_book":1,"ae2:silicon_press":1,"minecraft:string":14,"minecraft:raw_copper":89,"create:limestone":2,"minecraft:smooth_stone_slab":1,"minecraft:zombie_head":1,"techreborn:galena_ore":2,"create:water_wheel":4,"minecraft:beef":12,"terrestria:hemlock_wood":8,"minecraft:light_gray_wool":4,"minecraft:sugar_cane":7,"minecraft:furnace":4,"minecraft:raw_iron":34,"minecraft:stick":12,"minecraft:sandstone":1,"minecraft:copper_ingot":3,"traverse:fir_sapling":12,"minecraft:torch":8,"create:andesite_casing":6,"techreborn:ruby_gem":23,"minecraft:diorite":1,"minecraft:carrot":1,"traverse:fir_log":30,"minecraft:arrow":13,"minecraft:rotten_flesh":61,"ae2:certus_quartz_dust":5,"traverse:stripped_fir_log":6,"minecraft:hay_block":1,"terrestria:hemlock_planks":62,"ae2:calculation_processor_press":1,"terrestria:hemlock_quarter_log":10,"minecraft:mutton":3,"minecraft:iron_bars":3,"minecraft:white_wool":3,"minecraft:cobblestone":128,"minecraft:oxeye_daisy":1,"minecraft:feather":2,"minecraft:cooked_beef":5,"techreborn:ruby_spade":1,"minecraft:andesite":64,"minecraft:brown_wool":3,"minecraft:leather":9,"create:raw_zinc":36,"minecraft:gunpowder":2,"minecraft:cobblestone_stairs":40,"minecraft:blue_bed":10,"minecraft:dirt":206,"minecraft:red_carpet":2,"minecraft:bone":4,"minecraft:stone_bricks":2,"minecraft:bow":1,"minecraft:rabbit_hide":1,"ae2:logic_processor_press":1,"minecraft:mossy_stone_bricks":1,"minecraft:rabbit":2,"minecraft:iron_sword":1,"minecraft:book":6,"create:mechanical_bearing":3,"create:large_water_wheel":3,"minecraft:sweet_berries":3,"minecraft:sand":20,"bewitchment:salt":2,"minecraft:spruce_sapling":4,"terrestria:dark_japanese_maple_sapling":7,"minecraft:spruce_log":6,"techreborn:sapphire_gem":25,"techreborn:red_garnet_gem":7,"travelersbackpack:standard":1,"techreborn:peridot_gem":10,"minecraft:soul_lantern":1,"minecraft:golden_apple":1,"terrestria:japanese_maple_log":29,"ae2:engineering_processor_press":1,"bewitchment:ectoplasm":2,"minecraft:coal":136},"minecraft:crafted":{"terrestria:hemlock_planks":72,"terrestria:japanese_maple_planks":12,"techreborn:ruby_helmet":1,"techreborn:ruby_leggings":1,"minecraft:furnace":2,"minecraft:cobblestone_stairs":32,"create:mechanical_bearing":1,"create:radial_chassis":3,"minecraft:glass":15,"techreborn:ruby_sword":1,"minecraft:iron_boots":1,"travelersbackpack:light_gray_sleeping_bag":1,"minecraft:stone_pickaxe":1,"minecraft:chest":1,"techreborn:sapphire_spade":1,"minecraft:cooked_rabbit":2,"minecraft:wheat":9,"terrestria:hemlock_boat":1,"techreborn:ruby_spade":1,"create:andesite_alloy":32,"travelersbackpack:bookshelf":1,"traverse:fir_planks":4,"minecraft:crafting_table":2,"minecraft:spruce_planks":24,"travelersbackpack:backpack_tank":2,"travelersbackpack:standard":1,"minecraft:baked_potato":6,"minecraft:wooden_pickaxe":1,"create:large_water_wheel":1,"create:zinc_nugget":90,"terrestria:hemlock_slab":6,"minecraft:copper_ingot":64,"minecraft:bucket":1,"minecraft:stone_axe":1,"farmersdelight:wheat_dough":3,"techreborn:ruby_pickaxe":1,"minecraft:bread":1,"minecraft:air":0,"terrestria:hemlock_stairs":4,"minecraft:iron_chestplate":1,"create:water_wheel":3,"minecraft:stick":32,"minecraft:iron_ingot":34,"minecraft:iron_pickaxe":1,"minecraft:stone_sword":1,"minecraft:iron_leggings":1,"minecraft:gold_ingot":27,"create:shaft":8,"minecraft:torch":68,"create:zinc_ingot":36},"minecraft:used":{"minecraft:stone_sword":4,"terrestria:hemlock_planks":49,"techreborn:ruby_helmet":1,"traverse:stripped_fir_log":6,"techreborn:sapphire_spade":173,"minecraft:rotten_flesh":5,"create:mechanical_bearing":4,"minecraft:iron_chestplate":1,"minecraft:torch":90,"minecraft:dirt":199,"techreborn:ruby_sword":343,"minecraft:stone_bricks":2,"create:radial_chassis":3,"minecraft:furnace":6,"terrestria:dark_japanese_maple_sapling":4,"minecraft:cooked_beef":5,"minecraft:potato":5,"minecraft:iron_leggings":1,"minecraft:water_bucket":7,"minecraft:cobblestone_stairs":72,"minecraft:stone_pickaxe":119,"minecraft:baked_potato":6,"minecraft:wooden_pickaxe":18,"minecraft:sandstone":1,"minecraft:blue_bed":10,"farmersdelight:onion":3,"minecraft:crafting_table":5,"techreborn:ruby_pickaxe":261,"minecraft:bread":18,"minecraft:iron_pickaxe":10,"create:water_wheel":6,"minecraft:spruce_sapling":2,"create:large_water_wheel":2,"minecraft:stone_axe":132,"minecraft:cobblestone":30,"travelersbackpack:standard":3,"minecraft:cooked_rabbit":2,"minecraft:bucket":9,"minecraft:splash_potion":1,"terrestria:hemlock_stairs":4},"minecraft:custom":{"minecraft:interact_with_smithing_table":1,"lootr:looted_stat":16,"minecraft:mob_kills":95,"minecraft:interact_with_crafting_table":55,"minecraft:interact_with_campfire":5,"minecraft:bell_ring":10,"minecraft:leave_game":5,"minecraft:time_since_death":169751,"minecraft:climb_one_cm":2815,"minecraft:sprint_one_cm":446469,"minecraft:walk_one_cm":452942,"minecraft:drop":41,"minecraft:talked_to_villager":13,"minecraft:play_time":169751,"minecraft:sneak_time":11185,"minecraft:walk_under_water_one_cm":3954,"minecraft:interact_with_brewingstand":1,"minecraft:jump":3059,"minecraft:walk_on_water_one_cm":9132,"minecraft:total_world_time":169751,"minecraft:interact_with_furnace":56,"minecraft:sleep_in_bed":11,"minecraft:time_since_rest":3080,"minecraft:damage_taken":1013,"minecraft:damage_dealt":16474,"minecraft:swim_one_cm":14618,"minecraft:fly_one_cm":609348,"minecraft:open_chest":23,"minecraft:crouch_one_cm":42116,"minecraft:interact_with_smoker":1,"minecraft:fall_one_cm":66473},"minecraft:broken":{"minecraft:stone_axe":1},"minecraft:dropped":{"minecraft:feather":2,"minecraft:leather":4,"minecraft:cobblestone":23,"minecraft:apple":5,"minecraft:copper_ingot":3,"create:large_water_wheel":1,"minecraft:golden_apple":1,"minecraft:coal":11,"minecraft:red_carpet":2,"minecraft:stick":3,"minecraft:oxeye_daisy":1,"minecraft:dirt":1,"minecraft:mutton":3,"minecraft:brown_wool":3,"minecraft:zombie_head":1,"minecraft:sand":5,"minecraft:iron_pickaxe":1,"minecraft:string":7,"minecraft:white_wool":2,"terrestria:dark_japanese_maple_sapling":3,"minecraft:spruce_sapling":1,"terrestria:japanese_maple_log":14,"bewitchment:salt":2,"minecraft:light_gray_wool":2,"techreborn:lead_ingot":1,"minecraft:rabbit_hide":1,"minecraft:mossy_stone_bricks":1,"create:limestone":2,"terrestria:hemlock_slab":5,"minecraft:iron_bars":2,"minecraft:bow":1},"minecraft:killed":{"minecraft:spider":6,"bewitchment:ghost":1,"minecraft:skeleton":11,"minecraft:rabbit":3,"minecraft:creeper":1,"minecraft:sheep":4,"bewitchment:owl":1,"minecraft:zombie":60,"minecraft:cow":8},"minecraft:mined":{"techreborn:sapphire_ore":15,"terrestria:hemlock_wood":8,"minecraft:red_carpet":2,"minecraft:mossy_cobblestone":6,"create:andesite_casing":6,"minecraft:cobblestone_stairs":40,"minecraft:grass_block":111,"terrestria:hemlock_quarter_log":10,"minecraft:spruce_leaves":8,"minecraft:oxeye_daisy":1,"minecraft:sandstone":1,"minecraft:spawner":6,"minecraft:large_fern":4,"minecraft:hay_block":1,"minecraft:furnace":4,"terrestria:hemlock_planks":43,"minecraft:iron_ore":34,"traverse:stripped_fir_log":6,"minecraft:fire":7,"ae2:mysterious_cube":1,"minecraft:gold_block":1,"minecraft:bookshelf":2,"minecraft:dirt_path":1,"bewitchment:salt_ore":1,"minecraft:iron_bars":2,"minecraft:stone":80,"terrestria:japanese_maple_leaves":1,"terrestria:japanese_maple_log":15,"create:limestone":2,"ae2:large_quartz_bud":2,"traverse:fir_log":30,"minecraft:powder_snow":5,"minecraft:soul_lantern":1,"travelersbackpack:standard":1,"minecraft:crafting_table":4,"minecraft:torch":3,"create:water_wheel":4,"minecraft:copper_ore":26,"minecraft:cobblestone":18,"minecraft:sugar_cane":2,"minecraft:diorite":1,"minecraft:wall_torch":3,"minecraft:blue_bed":10,"create:large_water_wheel":2,"terrestria:dark_japanese_maple_sapling":1,"ae2:medium_quartz_bud":1,"techreborn:ruby_ore":16,"minecraft:sweet_berry_bush":1,"minecraft:white_carpet":4,"minecraft:spruce_log":6,"minecraft:birch_leaves":2,"minecraft:smooth_stone_slab":6,"minecraft:grass":3,"create:mechanical_bearing":3,"minecraft:coal_ore":126,"ae2:small_quartz_bud":2,"techreborn:galena_ore":2,"minecraft:zombie_head":1,"minecraft:sand":19,"minecraft:dirt":93,"minecraft:stone_bricks":2,"minecraft:mossy_stone_bricks":1,"minecraft:oak_leaves":2,"minecraft:fern":3}},"DataVersion":3465}