{"stats":{"minecraft:mined":{"minecraft:grass_block":5},"minecraft:picked_up":{"minecraft:dirt":5},"minecraft:used":{"minecraft:dirt":4},"minecraft:custom":{"minecraft:jump":62,"minecraft:time_since_rest":3882,"minecraft:crouch_one_cm":377,"minecraft:sprint_one_cm":5574,"minecraft:play_time":3882,"minecraft:damage_taken":20,"minecraft:time_since_death":3882,"minecraft:walk_one_cm":4863,"minecraft:sneak_time":46,"minecraft:total_world_time":3882,"minecraft:fall_one_cm":404,"minecraft:fly_one_cm":31872}},"DataVersion":3465}