{"stats":{"minecraft:dropped":{"minecraft:granite":2,"minecraft:ink_sac":1,"minecraft:torch":11,"minecraft:white_wool":1,"create:raw_zinc":36,"minecraft:blue_bed":1,"farmersdelight:cabbage_seeds":1,"minecraft:rotten_flesh":2,"minecraft:light_gray_wool":3,"create:asurine":3,"minecraft:poppy":3,"minecraft:andesite":65,"minecraft:beetroot_seeds":1,"minecraft:bow":1,"minecraft:arrow":2,"minecraft:wooden_pickaxe":1},"minecraft:killed":{"minecraft:spider":3,"minecraft:vindicator":1,"bewitchment:ghost":1,"minecraft:skeleton":6,"minecraft:drowned":1,"minecraft:rabbit":5,"minecraft:iron_golem":2,"minecraft:squid":1,"minecraft:pillager":1,"bewitchment:owl":1,"minecraft:zombie":60},"minecraft:broken":{"minecraft:stone_pickaxe":1,"minecraft:iron_pickaxe":1},"minecraft:crafted":{"minecraft:furnace":1,"minecraft:raw_copper_block":27,"minecraft:glass":12,"minecraft:iron_boots":1,"travelersbackpack:gray_sleeping_bag":1,"minecraft:stone_pickaxe":1,"minecraft:chest":9,"travelersbackpack:fox":1,"minecraft:spruce_boat":1,"minecraft:wheat":225,"traverse:fir_planks":96,"minecraft:crafting_table":2,"minecraft:spruce_planks":28,"travelersbackpack:backpack_tank":2,"minecraft:iron_helmet":1,"minecraft:wooden_pickaxe":1,"travelersbackpack:standard":1,"minecraft:bucket":3,"minecraft:stone_axe":1,"minecraft:bread":82,"minecraft:air":0,"minecraft:iron_chestplate":1,"minecraft:stick":12,"minecraft:iron_ingot":34,"minecraft:iron_pickaxe":2,"minecraft:stone_sword":1,"minecraft:iron_leggings":1,"minecraft:gold_ingot":1,"minecraft:torch":4},"minecraft:mined":{"create:zinc_ore":37,"techreborn:sapphire_ore":9,"terrestria:hemlock_wood":1,"minecraft:granite":2,"minecraft:grass_block":33,"farmersdelight:wild_cabbages":1,"techreborn:bauxite_ore":2,"minecraft:spruce_leaves":10,"minecraft:spawner":4,"traverse:fir_leaves":1,"minecraft:hay_block":26,"minecraft:furnace":1,"minecraft:mossy_cobblestone_stairs":1,"techreborn:lead_ore":12,"minecraft:iron_ore":53,"minecraft:snow":1,"minecraft:andesite":65,"create:asurine":3,"minecraft:deepslate_iron_ore":4,"minecraft:stone":73,"minecraft:white_wool":2,"traverse:fir_planks":3,"travelersbackpack:gray_sleeping_bag":1,"traverse:fir_log":101,"minecraft:cyan_terracotta":1,"minecraft:snow_block":8,"minecraft:powder_snow":70,"minecraft:crafting_table":5,"minecraft:torch":3,"minecraft:polished_andesite_stairs":1,"minecraft:chest":1,"minecraft:copper_ore":71,"minecraft:cobblestone":8,"minecraft:blue_bed":6,"minecraft:wall_torch":1,"techreborn:tin_ore":31,"farmersdelight:wild_beetroots":1,"minecraft:gray_wool":2,"terrestria:hemlock_log":1,"techreborn:silver_ore":10,"techreborn:ruby_ore":17,"minecraft:sweet_berry_bush":1,"minecraft:spruce_log":7,"minecraft:light_gray_wool":3,"minecraft:smooth_stone_slab":4,"minecraft:coal_ore":48,"techreborn:galena_ore":12,"minecraft:gravel":1,"minecraft:sand":12,"minecraft:dirt":5,"minecraft:polished_andesite":2,"minecraft:gold_ore":1,"minecraft:oak_leaves":2,"minecraft:fern":1},"minecraft:custom":{"lootr:looted_stat":14,"minecraft:mob_kills":83,"minecraft:interact_with_crafting_table":30,"minecraft:bell_ring":1,"minecraft:leave_game":1,"minecraft:time_since_death":140824,"minecraft:sprint_one_cm":283082,"minecraft:walk_one_cm":283517,"minecraft:drop":26,"minecraft:talked_to_villager":3,"minecraft:play_time":140824,"minecraft:sneak_time":10552,"minecraft:walk_under_water_one_cm":7837,"minecraft:boat_one_cm":86316,"minecraft:jump":2367,"minecraft:walk_on_water_one_cm":11777,"minecraft:total_world_time":140824,"minecraft:interact_with_furnace":16,"minecraft:sleep_in_bed":9,"minecraft:time_since_rest":9353,"minecraft:damage_taken":603,"minecraft:damage_dealt":14239,"minecraft:swim_one_cm":3157,"minecraft:fly_one_cm":506078,"minecraft:open_chest":8,"minecraft:crouch_one_cm":32441,"minecraft:fall_one_cm":59933},"minecraft:used":{"minecraft:stone_sword":104,"minecraft:chest":9,"minecraft:torch":14,"minecraft:dirt":37,"travelersbackpack:gray_sleeping_bag":1,"minecraft:spruce_boat":1,"minecraft:iron_axe":109,"traverse:fir_planks":3,"minecraft:furnace":2,"travelersbackpack:fox":1,"minecraft:water_bucket":3,"minecraft:stone_pickaxe":131,"minecraft:wooden_pickaxe":3,"minecraft:blue_bed":5,"minecraft:crafting_table":5,"minecraft:diamond_shovel":126,"minecraft:bread":26,"minecraft:iron_pickaxe":340,"traverse:fir_log":45,"minecraft:stone_axe":11,"minecraft:diamond_sword":151,"minecraft:cobblestone":64,"minecraft:bucket":7},"minecraft:picked_up":{"techreborn:raw_tin":31,"minecraft:crafting_table":4,"traverse:fir_planks":3,"minecraft:raw_copper":247,"techreborn:galena_ore":12,"techreborn:raw_silver":10,"minecraft:poppy":3,"terrestria:hemlock_wood":1,"minecraft:light_gray_wool":3,"minecraft:chest":1,"farmersdelight:cabbage_seeds":1,"minecraft:furnace":1,"minecraft:raw_iron":64,"minecraft:stick":16,"traverse:fir_sapling":29,"minecraft:torch":16,"techreborn:ruby_gem":27,"traverse:fir_log":101,"minecraft:arrow":2,"minecraft:rotten_flesh":3,"minecraft:beetroot_seeds":1,"minecraft:hay_block":26,"create:asurine":3,"travelersbackpack:gray_sleeping_bag":1,"minecraft:cobblestone":80,"minecraft:white_wool":2,"minecraft:andesite":65,"minecraft:leather":4,"terrestria:hemlock_log":1,"create:raw_zinc":36,"minecraft:blue_bed":6,"minecraft:dirt":37,"minecraft:bow":1,"minecraft:raw_gold":1,"minecraft:rabbit_hide":2,"minecraft:iron_ingot":9,"minecraft:sweet_berries":6,"techreborn:raw_lead":12,"minecraft:gravel":3,"minecraft:sand":12,"minecraft:ink_sac":1,"minecraft:spruce_sapling":3,"minecraft:spruce_log":7,"techreborn:red_garnet_gem":9,"techreborn:sapphire_gem":12,"minecraft:spider_eye":1,"techreborn:bauxite_ore":2,"techreborn:peridot_gem":4,"minecraft:spruce_boat":1,"minecraft:granite":2,"minecraft:gray_wool":2,"minecraft:coal":90}},"DataVersion":3465}